# x1,x2,y
-1.286291217644987828e-01,8.366792085661504119e-01,0.000000000000000000e+00
1.380973653118800604e+00,-4.865447094699019148e-01,1.000000000000000000e+00
1.282733470491753902e+00,1.619108785768146874e-01,1.000000000000000000e+00
7.871632947891797905e-01,-3.967361941878100318e-01,1.000000000000000000e+00
2.024600975127932134e+00,-5.210243796265586758e-01,1.000000000000000000e+00
2.980289006235770088e-01,-5.872374604153749456e-01,1.000000000000000000e+00
-9.911503880544056955e-01,7.928037861331357350e-01,0.000000000000000000e+00
-1.012995712730641706e+00,7.414394567770477007e-01,0.000000000000000000e+00
5.533161252132817731e-01,-7.058506372075963320e-01,1.000000000000000000e+00
-5.103573858548595688e-01,9.385030865127398370e-01,0.000000000000000000e+00
-7.044089843277574481e-01,5.222378675054581976e-01,0.000000000000000000e+00
4.687610621000437572e-01,8.783090063436650441e-01,0.000000000000000000e+00
4.255305060435275455e-01,7.228329305430478691e-01,0.000000000000000000e+00
-1.156227741305501100e-01,2.004801086127476761e-01,1.000000000000000000e+00
4.615679178944515071e-01,-2.503741490377824896e-01,1.000000000000000000e+00
2.350637928131899257e-01,7.565918606628058152e-03,1.000000000000000000e+00
4.226375166687481588e-01,-4.427111013339575241e-01,1.000000000000000000e+00
1.185058321666949827e-01,1.292648516860709917e-01,1.000000000000000000e+00
9.233211114775110584e-01,7.948438244734452596e-01,0.000000000000000000e+00
-3.993172189565322716e-01,9.505617291800626534e-01,0.000000000000000000e+00
1.063822944341258125e+00,8.266248382265706240e-01,0.000000000000000000e+00
-1.516107919815509741e-01,9.242363315426614934e-01,0.000000000000000000e+00
8.734503267782268709e-01,4.482228002040326564e-01,0.000000000000000000e+00
2.394530864016377603e-01,-2.665133068720113574e-01,1.000000000000000000e+00
-3.522772290314724053e-04,-2.240100050891211947e-01,1.000000000000000000e+00
6.506518697857742728e-01,9.089445871310862790e-01,0.000000000000000000e+00
1.219078045944061994e+00,-9.371469989748859586e-03,0.000000000000000000e+00
1.955983432598227933e+00,5.649425064969127996e-01,1.000000000000000000e+00
8.863813147602200848e-01,2.107880460274241807e-02,0.000000000000000000e+00
9.987027757808627504e-01,-3.243796731185395466e-01,1.000000000000000000e+00
7.039988153657250614e-01,7.627799614118370153e-01,0.000000000000000000e+00
8.039596495713047242e-02,2.944242480062092548e-01,1.000000000000000000e+00
-5.533944453147183751e-01,7.021534012111371181e-01,0.000000000000000000e+00
1.318610468012956893e+00,-3.580397421423872073e-01,1.000000000000000000e+00
-7.785148058070811006e-01,3.834631827127399362e-01,0.000000000000000000e+00
-7.559300509501236665e-01,4.266623387447857629e-01,0.000000000000000000e+00
1.373054667927753769e+00,-1.425281030993434950e-01,1.000000000000000000e+00
5.913186878390777612e-03,1.047146026038728639e+00,0.000000000000000000e+00
1.782836106493647765e+00,3.859717705206754390e-01,1.000000000000000000e+00
7.254245078674911862e-02,9.455199342115254701e-01,0.000000000000000000e+00
-2.842284227172761080e-01,1.039374562488890819e+00,0.000000000000000000e+00
1.298508843574379679e+00,-2.061627579383233100e-01,1.000000000000000000e+00
1.089365324601243357e+00,1.849354287684546461e-01,0.000000000000000000e+00
-1.104319981808033146e+00,2.865880526120943572e-01,0.000000000000000000e+00
9.558103112356455822e-02,-5.219687756856122851e-02,1.000000000000000000e+00
1.610437989015940374e+00,-5.079891613938428696e-01,1.000000000000000000e+00
-6.206767149598977351e-01,7.153023810043037667e-01,0.000000000000000000e+00
1.096730306759502893e+00,-6.492731184868123506e-01,1.000000000000000000e+00
1.679444401436085144e-01,-2.878935602036515606e-02,1.000000000000000000e+00
-1.107526748380776249e+00,2.643941043678647018e-01,0.000000000000000000e+00
1.377125888561482325e+00,-7.505078795887762944e-01,1.000000000000000000e+00
-6.079940389564977288e-01,6.981884759063211598e-01,0.000000000000000000e+00
-1.110016486955830162e-01,1.145089305758765497e-01,1.000000000000000000e+00
9.933537885929195621e-01,4.090223465602074726e-01,0.000000000000000000e+00
4.446080762762644190e-01,5.214829463498800166e-01,1.000000000000000000e+00
-9.597387569489107539e-02,1.239645406614630962e+00,0.000000000000000000e+00
2.154610324636162311e+00,2.056509787672291811e-01,1.000000000000000000e+00
-3.062963214966042957e-01,8.979649422732834951e-01,0.000000000000000000e+00
2.368629940972638015e-01,1.040547482287608627e+00,0.000000000000000000e+00
1.694499350188479081e+00,2.093657276239532239e-01,1.000000000000000000e+00
1.980887539015024235e+00,-8.492294993161839112e-02,1.000000000000000000e+00
5.973833509282211462e-01,6.452714735444188277e-01,1.000000000000000000e+00
-7.683306888509926491e-01,7.489836480896492343e-01,0.000000000000000000e+00
-7.136357792875096528e-01,7.388866117947161527e-01,0.000000000000000000e+00
4.740475518709245106e-01,8.219709521685952813e-01,0.000000000000000000e+00
1.282231253952759720e-01,1.192774902069772658e+00,0.000000000000000000e+00
1.893808774430319586e+00,-1.368545476523858051e-02,1.000000000000000000e+00
4.971711643869192732e-01,-2.563901407873613730e-02,1.000000000000000000e+00
1.926680669237187615e+00,-1.768241408045032048e-01,1.000000000000000000e+00
1.950072700775217216e+00,9.625362190475635071e-02,1.000000000000000000e+00
-1.831120160319546775e-01,1.142109704457296981e-01,1.000000000000000000e+00
1.112204026375541721e+00,4.977186967331829193e-01,0.000000000000000000e+00
3.316654462146713667e-01,-6.193588339148563549e-01,1.000000000000000000e+00
-8.273070689152711710e-01,-4.347674088180018132e-02,0.000000000000000000e+00
1.429505273532963194e+00,-1.776763873579194353e-01,1.000000000000000000e+00
1.363252615889346320e+00,-7.322482927699611732e-01,1.000000000000000000e+00
1.785139768696682117e+00,1.252651892551634449e-02,1.000000000000000000e+00
-3.255007506607628942e-01,1.010419321127418613e+00,0.000000000000000000e+00
4.364878470874020699e-01,-3.539163057200299667e-01,1.000000000000000000e+00
-1.610547964919772923e-01,1.057766042561016029e+00,0.000000000000000000e+00
-7.633129206003245182e-01,9.589158047220719405e-02,0.000000000000000000e+00
2.120838346822021547e-01,1.229534881275553104e+00,0.000000000000000000e+00
9.838053773802133417e-01,-7.682661018645104978e-01,1.000000000000000000e+00
2.026555145171396788e+00,4.542669029271635961e-01,1.000000000000000000e+00
-4.220186555269578310e-01,6.589430916601421995e-01,0.000000000000000000e+00
2.240818930551577437e-01,7.105999338769968254e-01,0.000000000000000000e+00
1.316630983624935913e+00,-5.741294598734947296e-01,1.000000000000000000e+00
-4.547390838047387640e-01,9.005386530132795109e-01,0.000000000000000000e+00
-9.524698966794058475e-01,3.511401669651400548e-01,0.000000000000000000e+00
1.479931010791948054e-01,8.548684031835387387e-01,0.000000000000000000e+00
2.026859830732682943e-01,7.627865852116672007e-01,0.000000000000000000e+00
-9.551928496594330742e-01,7.466381137153588199e-02,0.000000000000000000e+00
5.568146656837978936e-01,-1.021694454839272570e-01,1.000000000000000000e+00
-7.852158079742665997e-01,5.704508483036667688e-01,0.000000000000000000e+00
-9.093445332940629511e-01,4.377832464324916684e-01,0.000000000000000000e+00
1.146037458885480032e+00,-5.408326250398373114e-01,1.000000000000000000e+00
-3.157986290605710455e-01,-6.319758011172627032e-03,1.000000000000000000e+00
3.448563132752469063e-02,8.351192637346915859e-01,0.000000000000000000e+00
5.383058787595054739e-02,9.542837116372931971e-01,0.000000000000000000e+00
1.508410677499268493e+00,-5.426308737895249035e-01,1.000000000000000000e+00
-6.678684475602858495e-02,6.168225326947290865e-02,1.000000000000000000e+00
-1.885607884384101762e-01,-9.659029266865926111e-02,1.000000000000000000e+00
1.346800989785090108e+00,-1.629631851460659198e-01,1.000000000000000000e+00
1.526241851738129762e+00,-3.256759467541943676e-01,1.000000000000000000e+00
-5.053729645705660189e-01,8.414829274597324105e-01,0.000000000000000000e+00
7.942168093188290978e-01,4.636701133849453482e-01,0.000000000000000000e+00
-3.520124075155395271e-01,1.044613777034584468e+00,0.000000000000000000e+00
1.079003247739851901e+00,3.246330214796794844e-01,0.000000000000000000e+00
-9.716623855649683117e-01,5.096423864103079016e-01,0.000000000000000000e+00
7.966877235202242113e-01,1.925213397573172225e-01,0.000000000000000000e+00
8.592420259595646703e-01,4.942884779565945297e-01,0.000000000000000000e+00
1.893052015955977829e+00,-1.535019585355542615e-01,1.000000000000000000e+00
1.898493699223650077e+00,-3.951528430454814278e-01,1.000000000000000000e+00
8.196091985912052902e-01,-1.989773223808682379e-01,1.000000000000000000e+00
-3.467894695616124956e-01,6.087407354710040464e-01,0.000000000000000000e+00
1.883213927499356177e-01,-4.589966267755319351e-01,1.000000000000000000e+00
-9.578220460040498541e-01,2.337199717261541632e-01,0.000000000000000000e+00
4.777325249538459939e-01,-4.299069243995322087e-01,1.000000000000000000e+00
7.675264705502460316e-01,5.725654531397589286e-01,0.000000000000000000e+00
5.016326040300016498e-01,5.473062176960744596e-01,0.000000000000000000e+00
1.838124612306054617e+00,-2.961432385454679794e-01,1.000000000000000000e+00
-6.408260900975160101e-01,5.790774597351902031e-01,0.000000000000000000e+00
5.044483168467753798e-01,4.743972678093227868e-02,1.000000000000000000e+00
-1.303721461526736458e-01,1.157596734619157908e-01,1.000000000000000000e+00
7.872003575744966897e-01,3.655800600639561582e-01,0.000000000000000000e+00
-2.187884326219746989e-01,8.830110404941213798e-01,0.000000000000000000e+00
9.560433947836659563e-01,3.194445710979246789e-01,0.000000000000000000e+00
-3.813511713388983426e-01,4.990671374350699740e-01,0.000000000000000000e+00
8.313586637777713451e-01,-5.276372151898528484e-01,1.000000000000000000e+00
-1.862279868269729743e-02,1.137362448787461844e+00,0.000000000000000000e+00
-7.782739256299541220e-01,8.250659869959678927e-01,0.000000000000000000e+00
2.023092457836609626e+00,4.543969207453502079e-01,1.000000000000000000e+00
-2.179025563009436284e-01,-1.958526351200662319e-02,1.000000000000000000e+00
1.749598655823275672e+00,-7.651016967522231149e-02,1.000000000000000000e+00
-1.072570914771458161e+00,1.176058062445206331e-01,0.000000000000000000e+00
8.369303278615771724e-01,6.231692216411021112e-01,0.000000000000000000e+00
-4.648057539379768510e-01,2.567474779496021209e-01,0.000000000000000000e+00
-8.587856502859649854e-01,7.925334968513891853e-01,0.000000000000000000e+00
8.782734319917878674e-01,-4.863859988188262706e-01,1.000000000000000000e+00
4.631277799785507021e-01,-5.968009071925183262e-01,1.000000000000000000e+00
-9.006843032945655025e-01,4.015159315749273206e-01,0.000000000000000000e+00
6.999690829540237136e-01,-4.346710149522405864e-01,1.000000000000000000e+00
9.481394307657974307e-01,-9.650955460903981598e-02,1.000000000000000000e+00
1.148117644696380057e-01,-1.648964929431020465e-01,1.000000000000000000e+00
6.194055926269522727e-01,9.642068934407135306e-01,0.000000000000000000e+00
2.133537215003653009e-01,8.842801280140997200e-01,0.000000000000000000e+00
1.957892697822348094e+00,3.631515425003907782e-01,1.000000000000000000e+00
-9.410542938109572875e-02,3.181815439288395164e-01,1.000000000000000000e+00
1.503974929466095123e+00,-3.501414633502742957e-01,1.000000000000000000e+00
9.603909842055826651e-01,-5.544332812584135128e-01,1.000000000000000000e+00
-1.075623424405487971e-01,-1.203557339957895128e-01,1.000000000000000000e+00
-6.354807139145730588e-01,6.121267833906871569e-01,0.000000000000000000e+00
-1.024703803499938060e+00,5.043733273129578087e-01,0.000000000000000000e+00
1.671909785032597684e+00,-6.447026483559395449e-02,1.000000000000000000e+00
4.786872043137584409e-01,-4.159926698998529515e-01,1.000000000000000000e+00
9.679427334479256961e-01,9.192498260216297457e-02,0.000000000000000000e+00
-8.127375538991757908e-01,8.248373137097855246e-01,0.000000000000000000e+00
-9.237701107406571799e-01,5.039786217103812138e-01,0.000000000000000000e+00
2.220641881125590356e+00,-1.580681813516393586e-03,1.000000000000000000e+00
-7.102482058641966800e-01,8.056915522694156895e-01,0.000000000000000000e+00
5.529899555499258046e-01,8.113980883552244228e-01,0.000000000000000000e+00
1.079789432839949326e+00,-6.129410662654715125e-01,1.000000000000000000e+00
-6.147975683018214177e-01,6.392556229863397554e-01,0.000000000000000000e+00
-1.138559905030103847e+00,1.180797434450754080e-01,0.000000000000000000e+00
8.997174692321624478e-01,9.340594415418018714e-01,0.000000000000000000e+00
5.168764316464130593e-01,1.172692501738460402e+00,0.000000000000000000e+00
1.241177507668052238e+00,-1.613999362979667840e-02,1.000000000000000000e+00
1.704105968392268800e+00,-3.208263800409431044e-01,1.000000000000000000e+00
4.606265881693769604e-01,4.149341824749280261e-01,0.000000000000000000e+00
1.898814942612835788e+00,3.322614381206542844e-01,1.000000000000000000e+00
-8.943228371771192453e-01,9.653230039379738781e-01,0.000000000000000000e+00
9.049453150367030574e-01,2.287155883203723372e-01,0.000000000000000000e+00
-9.826071668319478203e-01,7.122488374289909219e-01,0.000000000000000000e+00
-1.134247696471801126e+00,3.126015521038522094e-02,0.000000000000000000e+00
1.208149078027461742e+00,-6.878347002037695779e-01,1.000000000000000000e+00
8.741542538102746729e-01,-2.683756606088606445e-01,1.000000000000000000e+00
1.650659043607857479e-01,1.088125036705211546e+00,0.000000000000000000e+00
4.992128580243815339e-01,-6.236108645182829591e-01,1.000000000000000000e+00
4.310551940129343507e-01,3.114747252518507148e-01,1.000000000000000000e+00
-1.030415662795384213e-01,8.871934267431799137e-01,0.000000000000000000e+00
1.432957711874006002e+00,-5.527480254074459420e-01,1.000000000000000000e+00
-4.131024237670617438e-01,8.579190332892380200e-01,0.000000000000000000e+00
-1.390991111357765986e+00,2.844169776843091801e-01,0.000000000000000000e+00
-7.186293617673492617e-01,6.771078805630891262e-01,0.000000000000000000e+00
1.095596509254372464e+00,2.880360530299098665e-01,0.000000000000000000e+00
2.972115651029600958e-01,9.900502248867465438e-01,0.000000000000000000e+00
7.172238503516076280e-01,-5.527438085202684981e-01,1.000000000000000000e+00
4.779674757314325562e-02,1.130381637241000492e+00,0.000000000000000000e+00
1.951527943692026978e+00,2.832057635927944794e-01,1.000000000000000000e+00
8.020403190690447159e-01,-6.382449729296434393e-01,1.000000000000000000e+00
1.928314996832296346e+00,-2.895925729956010941e-01,1.000000000000000000e+00
1.293475327432094479e+00,-4.074446355373654849e-01,1.000000000000000000e+00
1.633634795075004309e+00,5.767084610756713081e-01,1.000000000000000000e+00
9.293549969516108344e-01,5.052322980729402335e-01,0.000000000000000000e+00
1.795871648078854355e+00,5.414754251118342188e-02,1.000000000000000000e+00
2.155220929630234039e+00,-1.240071987889544564e-01,1.000000000000000000e+00
7.897756317176319873e-01,-6.664959180441917264e-01,1.000000000000000000e+00
1.272724837411785437e+00,-2.706153690877890483e-01,1.000000000000000000e+00
2.204131616282690054e+00,8.832232236714965268e-02,1.000000000000000000e+00
4.331836141594690437e-01,-2.217976508309272288e-01,1.000000000000000000e+00
-1.130391462521439072e+00,8.172702798010322844e-02,0.000000000000000000e+00
-7.965604249193163344e-01,7.098262115750259005e-01,0.000000000000000000e+00
6.845848876010554029e-01,-3.657722579067757551e-01,1.000000000000000000e+00
5.217824079926349778e-01,-4.983850105310889678e-01,1.000000000000000000e+00
8.732061025385361441e-01,3.659746321813743264e-01,0.000000000000000000e+00
-1.486500743418989190e-02,7.769297293267977134e-01,0.000000000000000000e+00
-4.024093494828850925e-01,1.258535182242650485e+00,0.000000000000000000e+00
1.096567523467711913e+00,-5.183856628498990649e-01,1.000000000000000000e+00
1.137808390159258831e+00,1.079770095395837792e-03,0.000000000000000000e+00
9.439145991115314160e-01,5.459803159692784291e-01,0.000000000000000000e+00
6.343556941843203623e-01,6.293235599636564093e-01,0.000000000000000000e+00
1.703477128531856177e+00,2.544395629461138619e-01,1.000000000000000000e+00
-1.059214622971649922e+00,8.206774329895920594e-01,0.000000000000000000e+00
1.072158945707587963e+00,6.747512905911949854e-01,0.000000000000000000e+00
1.987842485422359973e+00,-2.933046812531832637e-01,1.000000000000000000e+00
1.028102400075230904e-01,7.792507879757702982e-01,0.000000000000000000e+00
1.321746006325522860e+00,-5.648792227953183254e-01,1.000000000000000000e+00
4.983407236121309980e-01,-4.648550443451367475e-01,1.000000000000000000e+00
1.913532973220128719e+00,2.621337203742333255e-01,1.000000000000000000e+00
1.089869813061097314e+00,2.066026522706010948e-01,0.000000000000000000e+00
-5.549002626520656012e-01,7.002546820261826843e-01,0.000000000000000000e+00
-4.334432564690954282e-01,8.951041625915594491e-01,0.000000000000000000e+00
4.722070267614279782e-02,-7.916121349034771493e-02,1.000000000000000000e+00
8.063492474401054988e-01,2.664534257391614203e-01,0.000000000000000000e+00
1.655145404172561729e+00,-6.118379951182131293e-01,1.000000000000000000e+00
8.230456335407317914e-01,3.919879550092897347e-01,0.000000000000000000e+00
1.568705251315614113e-01,-3.675660833044815390e-01,1.000000000000000000e+00
1.203306818100457809e+00,-4.598904455091814003e-01,1.000000000000000000e+00
2.037657160584105842e+00,2.294091422154053705e-01,1.000000000000000000e+00
1.641719524279217302e+00,-3.470801738954180649e-01,1.000000000000000000e+00
-6.630635797988010394e-01,1.038367143640021251e+00,0.000000000000000000e+00
3.638163058918634229e-01,-3.623452873112781303e-01,1.000000000000000000e+00
-5.582531870051945511e-01,7.183249866054500776e-01,0.000000000000000000e+00
2.058038944550591720e-01,-2.830522869012023213e-01,1.000000000000000000e+00
-8.918600264418665713e-01,5.182856956563295370e-01,0.000000000000000000e+00
1.504897840796075581e-01,-3.574488573870383545e-01,1.000000000000000000e+00
1.856183206278290587e+00,5.411780817680849065e-01,1.000000000000000000e+00
3.513013895394696828e-02,-6.498707089862992836e-02,1.000000000000000000e+00
1.231359019230824359e+00,-4.583340653297867107e-01,1.000000000000000000e+00
9.926053887847705037e-02,4.553704609732556752e-01,1.000000000000000000e+00
1.559059251087095754e+00,-5.212894201239665071e-02,1.000000000000000000e+00
4.879801900650284630e-01,-5.832499857173626401e-01,1.000000000000000000e+00
-2.307081156633087882e-01,1.310613969352735442e+00,0.000000000000000000e+00
1.953670063643565769e+00,4.566913121639130102e-01,1.000000000000000000e+00
7.995467577449090479e-02,2.503665802281938024e-01,1.000000000000000000e+00
-1.097149212653685924e+00,3.776262499593292105e-02,0.000000000000000000e+00
7.074849143866850376e-01,-1.941920725927925861e-01,1.000000000000000000e+00
9.630789288185094277e-01,-6.746530005102577832e-01,1.000000000000000000e+00
6.238048091078951529e-01,-3.043571957509960124e-01,1.000000000000000000e+00
2.064774060102432252e+00,-1.955633785642100220e-01,1.000000000000000000e+00
-1.094846084739146574e+00,1.039378518953534281e-01,0.000000000000000000e+00
8.632389445467945066e-01,-4.810434968186987903e-01,1.000000000000000000e+00
-5.491115518103053539e-01,5.909867644955308918e-01,0.000000000000000000e+00
1.123927875545698951e+00,6.707524972054601520e-02,0.000000000000000000e+00
8.111581545297585905e-01,-8.195588946353882243e-01,1.000000000000000000e+00
2.393214011952194964e-01,6.212684056769406382e-01,1.000000000000000000e+00
-9.739445604506501430e-01,5.172612784866974511e-01,0.000000000000000000e+00
9.066295571761989747e-01,4.804309620710481288e-01,0.000000000000000000e+00
9.051130208737452332e-01,7.258640362987520689e-01,0.000000000000000000e+00
1.279610399221576822e+00,2.340914589488701514e-01,0.000000000000000000e+00
-6.226089528854501509e-01,6.596825270737958213e-01,0.000000000000000000e+00
1.385791750258428712e+00,-7.332804367084961861e-01,1.000000000000000000e+00
1.642138260581831544e+00,-2.557004160590354847e-01,1.000000000000000000e+00
1.177112749796232483e-01,-2.046882210826386772e-01,1.000000000000000000e+00
1.454177006396314642e+00,-1.770873936686498951e-01,1.000000000000000000e+00
2.000147385624547969e+00,-1.414660133261399777e-01,1.000000000000000000e+00
5.277724833159294082e-01,-1.575298860595574779e-01,1.000000000000000000e+00
1.353484585292180853e+00,-5.323064691184722363e-01,1.000000000000000000e+00
1.644456839164964546e+00,-8.576798553199713182e-02,1.000000000000000000e+00
6.783632800507469751e-01,5.966649930982780292e-01,0.000000000000000000e+00
9.987778960442780241e-01,3.827919822444789122e-01,0.000000000000000000e+00
6.070604031188535643e-01,7.905232532504606890e-01,0.000000000000000000e+00
-9.449597007543505400e-01,8.624891567314607599e-01,0.000000000000000000e+00
1.100632862807699563e+00,-1.786457376108540052e-01,1.000000000000000000e+00
9.006428188412418656e-02,8.831811058334796405e-01,0.000000000000000000e+00
-6.318799730871260678e-02,2.542979453500971987e-01,1.000000000000000000e+00
-9.611648323851471609e-01,4.956774769280142268e-01,0.000000000000000000e+00
3.431607150607747792e-01,-1.501254191019718853e-01,1.000000000000000000e+00
-1.047964235312737413e+00,4.599288049257975741e-01,0.000000000000000000e+00
2.249070692690894810e-05,1.072758248009754167e+00,0.000000000000000000e+00
-4.503255357269034809e-01,8.779009955441579027e-01,0.000000000000000000e+00
1.760783822360760809e+00,4.514691382792294927e-02,1.000000000000000000e+00
6.101463890044174221e-01,7.369046273789280344e-01,0.000000000000000000e+00
-3.536921163575759142e-01,1.225450920330517057e+00,0.000000000000000000e+00
1.281985577792747355e+00,-3.968045481759612247e-01,1.000000000000000000e+00
1.998392125853143964e-01,3.334988394025319991e-01,1.000000000000000000e+00
1.506758155902515606e-01,4.670804308524555970e-01,0.000000000000000000e+00
-5.094283730362814122e-01,8.829446269323558694e-01,0.000000000000000000e+00
7.915827941922093380e-01,-1.108181138644383501e-01,0.000000000000000000e+00
-9.878699907452975770e-02,8.929928507639139923e-01,0.000000000000000000e+00
3.323004420358212085e-01,-3.907300006245766066e-02,1.000000000000000000e+00
5.807475593685154647e-02,-1.338688145713983757e-01,1.000000000000000000e+00
5.497182708299248599e-01,-1.944635743759934865e-01,1.000000000000000000e+00
-9.744123101782797836e-01,-2.168925337337488102e-01,0.000000000000000000e+00
9.675367004359354262e-01,6.707708270858123711e-01,0.000000000000000000e+00
-5.113920615013369808e-01,3.184995244044965812e-01,0.000000000000000000e+00
1.918543514537569994e+00,3.960797443608699009e-01,1.000000000000000000e+00
2.123953404162126191e+00,1.894194037735867919e-01,1.000000000000000000e+00
-7.199382220311738578e-01,6.379634609209239304e-01,0.000000000000000000e+00
1.057039851754783655e+00,1.450778822371643073e-01,0.000000000000000000e+00
4.184841798717495731e-01,-8.869152587869003068e-02,1.000000000000000000e+00
9.987239657858610897e-01,4.590577469341501349e-01,0.000000000000000000e+00
7.732151707999362911e-02,1.156338879357318161e+00,0.000000000000000000e+00
7.216617030259233623e-01,3.557730172620624520e-01,0.000000000000000000e+00
1.036104889663646222e+00,-2.900697645800138780e-01,1.000000000000000000e+00
1.923434888380743280e+00,5.658925529535991927e-01,1.000000000000000000e+00
-1.200948796980771727e+00,4.374448508231226773e-01,0.000000000000000000e+00
1.456772159371935826e+00,-1.298212566314904393e-01,1.000000000000000000e+00
1.112947155471128990e+00,1.779342734501464518e-01,0.000000000000000000e+00
1.891053382846483721e+00,-2.938187116185790870e-01,1.000000000000000000e+00
1.642541618998376862e-01,1.055884205796529640e+00,0.000000000000000000e+00
-2.843635213510612991e-01,4.211749295976543461e-01,1.000000000000000000e+00
1.245403231060290411e-01,-1.545135804301484006e-01,1.000000000000000000e+00
-1.541514689068882726e-01,9.458040247263781453e-01,0.000000000000000000e+00
1.439790867140930963e+00,-3.783558558854795417e-01,1.000000000000000000e+00
5.138809263314891851e-01,5.244944404335031285e-01,0.000000000000000000e+00
5.598308643326788125e-01,3.113580493674006355e-01,0.000000000000000000e+00
-1.198609488094022346e+00,4.498884919440518937e-01,0.000000000000000000e+00
-1.597632883697329143e-01,2.792038461264326754e-01,1.000000000000000000e+00
-7.837411465932838661e-01,4.187803186246982223e-01,0.000000000000000000e+00
-2.210966551276760672e-02,-2.317845783477189003e-01,1.000000000000000000e+00
1.521916811985250861e+00,-4.802396447730747919e-01,1.000000000000000000e+00
-9.049715181302208089e-01,2.001861272427717664e-01,0.000000000000000000e+00
7.086606599869329504e-01,-4.049821692619378632e-01,1.000000000000000000e+00
1.247995243490545914e+00,4.363431292243593052e-01,0.000000000000000000e+00
4.113924465004225040e-01,9.227769963313967594e-01,0.000000000000000000e+00
6.006393239661240724e-01,8.819492427967849935e-01,0.000000000000000000e+00
-2.823576016389118815e-01,5.776304320485960986e-01,1.000000000000000000e+00
3.334222168428127575e-01,6.841774534316238388e-01,0.000000000000000000e+00
1.987493311783965710e+00,4.797096907924084386e-01,1.000000000000000000e+00
2.331625566443761066e+00,4.381081451473824995e-01,1.000000000000000000e+00
-3.450744836379762148e-01,8.791124415918400992e-01,0.000000000000000000e+00
-2.881211684687468022e-03,6.826316245452714870e-01,0.000000000000000000e+00
1.581845116086876279e+00,-5.948407597455569462e-01,1.000000000000000000e+00
-5.383920376400540553e-01,7.476434706912676864e-01,0.000000000000000000e+00
-1.229395647903208100e-01,7.658163314223832563e-01,0.000000000000000000e+00
-1.060247614505907654e+00,9.537482192730431518e-02,0.000000000000000000e+00
-1.090112672324757837e+00,3.587497706767911465e-02,0.000000000000000000e+00
2.357243263551684898e+00,3.495466919527183691e-01,1.000000000000000000e+00
3.090635476324637976e-01,8.351904641762716297e-01,0.000000000000000000e+00
1.298641576249537355e-01,3.390506923685822349e-02,1.000000000000000000e+00
7.442622715547639878e-01,2.087436734720084786e-01,0.000000000000000000e+00
3.843623491384908775e-01,5.443806216330140391e-01,1.000000000000000000e+00
-8.496633503180034408e-01,6.406858761654843359e-01,0.000000000000000000e+00
6.446888206198592153e-01,1.172267748093396733e+00,0.000000000000000000e+00
6.010892560630309855e-03,1.029914886991659007e+00,0.000000000000000000e+00
-5.093556710977023005e-01,1.036599495678472316e+00,0.000000000000000000e+00
4.149587818822457197e-01,7.286322826879497727e-01,0.000000000000000000e+00
1.257358554562535424e-01,-2.749767376967008348e-01,1.000000000000000000e+00
2.536407196702025191e-01,-4.075535412269775115e-01,1.000000000000000000e+00
2.160109617690600725e+00,4.701798744027473886e-01,1.000000000000000000e+00
-3.225672155705467947e-01,3.128386289674273124e-01,0.000000000000000000e+00
1.904642038710456120e+00,-2.659685156876111511e-01,1.000000000000000000e+00
-2.865420290486355714e-01,9.141801072009199114e-01,0.000000000000000000e+00
-1.222503198548698489e+00,6.057270008542403605e-01,0.000000000000000000e+00
2.907516892187078303e-02,2.177311054125151690e-01,1.000000000000000000e+00
1.206938455790700804e+00,6.602443869702468993e-01,0.000000000000000000e+00
2.032983523995803399e+00,2.005516039289104713e-01,1.000000000000000000e+00
1.620745401412863274e+00,6.596603659360461558e-02,1.000000000000000000e+00
2.430467804080000405e-01,1.305619476059582118e-01,1.000000000000000000e+00
-4.595467688478285795e-02,9.436664597424124223e-02,1.000000000000000000e+00
7.478354558116238060e-01,1.066793817711998438e+00,0.000000000000000000e+00
-1.103031159546896678e-02,8.975402813795272383e-01,0.000000000000000000e+00
1.122546476720916786e+00,-3.555253121305049779e-01,1.000000000000000000e+00
-1.283064070692129022e+00,-4.087449855647275199e-02,0.000000000000000000e+00
-5.682498384875478425e-02,8.574944154794895690e-01,0.000000000000000000e+00
3.164056874408471831e-01,7.589917889288485542e-01,0.000000000000000000e+00
-6.907135559748890374e-01,7.578560623836242405e-01,0.000000000000000000e+00
1.211500808756944991e+00,-4.402170541145986604e-01,1.000000000000000000e+00
2.251434592137277757e-01,6.029474000854642135e-01,0.000000000000000000e+00
2.687418194968611562e-01,8.899170543226737617e-01,0.000000000000000000e+00
2.096226224680809991e-01,1.094657773942831813e+00,0.000000000000000000e+00
2.225850617516951513e-01,-1.219950888156739327e-01,1.000000000000000000e+00
-6.992117755636664267e-01,2.557838706699333553e-01,0.000000000000000000e+00
7.638147307909965988e-01,2.627140529690568105e-01,0.000000000000000000e+00
1.727798095414743607e+00,4.034730926888862451e-02,1.000000000000000000e+00
-6.559573310770496768e-01,5.559979602233569018e-01,0.000000000000000000e+00
-1.426447985433823284e-01,2.039533469802854437e-01,1.000000000000000000e+00
1.381830476864982060e+00,-3.404453656344850754e-01,1.000000000000000000e+00
1.770964383966406430e+00,5.993464628080352741e-02,1.000000000000000000e+00
4.298146962917716030e-01,1.017297682577464890e+00,0.000000000000000000e+00
4.053185990316843235e-01,-1.041381492922509172e-01,1.000000000000000000e+00
1.952110444117153065e+00,2.309174839938347157e-01,1.000000000000000000e+00
4.870734745292207846e-01,1.639594632005862418e-01,0.000000000000000000e+00
5.362959797980025867e-01,8.111892033311673966e-01,0.000000000000000000e+00
9.903063602008984612e-01,6.178873558133086696e-01,0.000000000000000000e+00
1.214426752687396860e+00,6.643314267909163906e-01,0.000000000000000000e+00
1.312385847978440490e+00,-6.261317735247179384e-01,1.000000000000000000e+00
8.744417829185189284e-01,6.235075743811631099e-01,0.000000000000000000e+00
-9.218809518335082664e-01,6.540219916401286415e-01,0.000000000000000000e+00
-5.441579786612492642e-01,5.397623896533680909e-01,0.000000000000000000e+00
1.311995604016706340e-01,-4.287975867229755766e-01,1.000000000000000000e+00
1.911400832952270923e+00,-1.449497285488511311e-01,1.000000000000000000e+00
-6.702903721546920046e-01,1.818402883491773703e-02,0.000000000000000000e+00
-5.176867439749128774e-01,1.129908331372210695e+00,0.000000000000000000e+00
-9.618958071506866769e-02,1.171428358714413226e-01,1.000000000000000000e+00
1.918756916428066006e+00,1.547144611328304942e-01,1.000000000000000000e+00
8.971018723686431384e-01,-3.773991268807017629e-01,1.000000000000000000e+00
1.845480465206475573e+00,-9.519589369292244529e-03,1.000000000000000000e+00
3.296416561938617096e-03,7.393689948435788750e-01,0.000000000000000000e+00
1.357521657714403363e+00,-3.823012702693892040e-01,1.000000000000000000e+00
2.299855312855940692e+00,1.900221718590589526e-01,1.000000000000000000e+00
-8.478949204288284136e-01,6.805447470507760555e-01,0.000000000000000000e+00
7.884708530334233467e-01,9.030711955091174081e-01,0.000000000000000000e+00
1.070343440162522697e+00,5.567137710077296742e-02,0.000000000000000000e+00
-7.615828622512732515e-02,3.980334467126575015e-01,1.000000000000000000e+00
-9.321304861511308104e-01,3.649922889675824567e-01,0.000000000000000000e+00
5.798110227258868044e-01,-6.919175520296272364e-02,1.000000000000000000e+00
1.832150461967361865e+00,-2.998770756637200718e-02,1.000000000000000000e+00
7.448106750529754905e-01,-5.814249809404641312e-01,1.000000000000000000e+00
1.990243617480044191e+00,5.640623389358501161e-02,1.000000000000000000e+00
1.589912279657322569e-01,-5.321223406512598508e-02,1.000000000000000000e+00
-1.841908198793485996e-01,3.385223785528591600e-01,1.000000000000000000e+00
2.285806648567941524e-01,1.008768324980370501e+00,0.000000000000000000e+00
1.607905445005093581e+00,-3.420978427856765647e-01,1.000000000000000000e+00
-8.105320050760622674e-01,8.974635564256596698e-01,0.000000000000000000e+00
2.950704326328610905e-01,1.408320885658242150e-01,1.000000000000000000e+00
-1.169308609270712562e+00,7.206348679714775773e-01,0.000000000000000000e+00
-2.937108398306408907e-01,3.711230775479585908e-01,1.000000000000000000e+00
-9.284189305873487008e-01,4.554543495219546823e-01,0.000000000000000000e+00
1.801153371994205221e+00,-1.849860142675547325e-01,1.000000000000000000e+00
1.961107723932142388e+00,1.130615025390990791e-01,1.000000000000000000e+00
-1.024310237913326205e+00,8.630741053892588832e-01,0.000000000000000000e+00
1.925506630198293267e+00,-7.527648018718118006e-02,1.000000000000000000e+00
1.079723572902789197e+00,8.753334154770853193e-01,0.000000000000000000e+00
8.826911507406621782e-01,3.848404793771599830e-01,0.000000000000000000e+00
-3.903421067423357149e-01,3.544846538471512210e-01,1.000000000000000000e+00
7.847809853143998815e-01,-7.583076355065162533e-01,1.000000000000000000e+00
8.403468511086150672e-01,-5.471881777345498632e-01,1.000000000000000000e+00
-6.059066840029062040e-02,9.608309866036656155e-01,0.000000000000000000e+00
-1.873426851080362832e-01,1.021376259803240760e+00,0.000000000000000000e+00
1.123689568638046810e+00,-7.117158991851353367e-01,1.000000000000000000e+00
3.859650187563339885e-01,7.718032162044705657e-01,0.000000000000000000e+00
2.703329648161656995e-01,4.509625639911664097e-01,1.000000000000000000e+00
1.700779628051003911e+00,-2.737136069909703595e-01,1.000000000000000000e+00
-2.955639137046291998e-01,9.491511160303904848e-01,0.000000000000000000e+00
-1.080552731081597218e+00,2.190358096329771687e-01,0.000000000000000000e+00
7.237737796248049360e-01,-6.464176051827655867e-01,1.000000000000000000e+00
6.882361024586264309e-01,-4.090369068309427369e-01,1.000000000000000000e+00
-4.244751359048751227e-01,9.640395155002348115e-01,0.000000000000000000e+00
1.182623084871937680e+00,3.367848902296057823e-01,0.000000000000000000e+00
-6.020728440131515313e-01,6.155133090388232864e-01,0.000000000000000000e+00
1.561165430096251860e+00,8.827019711507123612e-01,1.000000000000000000e+00
9.346568682075586665e-01,5.397253951161333496e-02,0.000000000000000000e+00
-8.667570680636427216e-01,1.231666959903579273e-01,0.000000000000000000e+00
4.285412069337841134e-01,-3.087365872714425974e-02,1.000000000000000000e+00
-6.632312517715663880e-01,6.481591686697105725e-01,0.000000000000000000e+00
5.966015696090573063e-03,4.514345953055181049e-01,1.000000000000000000e+00
1.437432311397120355e+00,-8.443764449807286687e-02,0.000000000000000000e+00
-1.555984390576303777e-01,8.291218204569764660e-01,0.000000000000000000e+00
1.866243070329547615e+00,2.337654775612088009e-01,1.000000000000000000e+00
1.129793563127354572e+00,-5.761511093745894652e-01,1.000000000000000000e+00
1.328809771561187514e+00,-1.537685758045829743e-01,1.000000000000000000e+00
8.739103490574517963e-01,4.298828910836957617e-02,0.000000000000000000e+00
7.600100353698110434e-01,2.696521361241523418e-01,0.000000000000000000e+00
1.476026071416644214e+00,-3.409686541109007707e-01,1.000000000000000000e+00
5.737250413758969714e-01,7.632790192098014570e-01,0.000000000000000000e+00
1.108879219595531040e+00,9.323582669097787434e-01,0.000000000000000000e+00
1.138601247364205316e+00,-1.815678883184281278e-01,1.000000000000000000e+00
1.586658627337999672e+00,-3.426573858989661048e-01,1.000000000000000000e+00
1.929656337922228015e+00,-1.237464727269514120e-01,1.000000000000000000e+00
9.335658111601365938e-01,-5.136353492951888366e-01,1.000000000000000000e+00
1.284647663649182814e+00,-1.562219911408495587e-01,0.000000000000000000e+00
8.674492071389722225e-01,5.249572694686904795e-01,0.000000000000000000e+00
1.441836219983466671e+00,-2.554175450919565216e-01,1.000000000000000000e+00
1.058273971254531931e+00,-4.734030063097338092e-01,1.000000000000000000e+00
1.937732512232759774e+00,4.769025969934918008e-01,1.000000000000000000e+00
-1.102490669821728719e+00,5.389037354569075067e-01,0.000000000000000000e+00
-7.938214834537701825e-02,7.580383110408779324e-01,0.000000000000000000e+00
7.790569511166646199e-01,-9.940427597797707460e-02,1.000000000000000000e+00
-2.367454618562865321e-01,7.909537608457629654e-01,0.000000000000000000e+00
5.733155060443082540e-01,5.756592670809903556e-01,0.000000000000000000e+00
-1.236607580439507359e+00,6.745394943265466958e-01,0.000000000000000000e+00
5.673519054821101193e-01,-8.909651701170495652e-02,1.000000000000000000e+00
-4.725136815710453964e-02,7.136890806073568072e-01,0.000000000000000000e+00
-1.446488814744395779e-01,2.496694293653354269e-01,1.000000000000000000e+00
4.385499029571897078e-01,1.369441987137286265e+00,0.000000000000000000e+00
1.800665863430208402e+00,4.381237664579346047e-02,1.000000000000000000e+00
-1.344801292805174908e+00,7.609445395701425197e-02,0.000000000000000000e+00
1.135592472158058142e+00,2.036631352569263920e-01,0.000000000000000000e+00
1.721374573033847888e+00,-1.482948287910737240e-01,1.000000000000000000e+00
7.952357779148614414e-01,-3.355405148960292627e-01,1.000000000000000000e+00
4.038701183471556933e-01,-4.634865818471367027e-01,1.000000000000000000e+00
9.889520894298901021e-01,3.122654234645888191e-02,0.000000000000000000e+00
2.865503561941633581e-01,2.751771643557565650e-01,1.000000000000000000e+00
1.427743100043806779e+00,-3.710669237075427951e-01,1.000000000000000000e+00
7.552600733254577481e-01,8.369916871991165408e-01,0.000000000000000000e+00
3.837838570345959432e-01,-6.845234312789598707e-01,1.000000000000000000e+00
4.909302869647890200e-01,6.167099051978618407e-01,0.000000000000000000e+00
-7.618193827291679376e-01,3.139648718994454413e-01,0.000000000000000000e+00
1.269093836337507053e+00,-8.499915168880060046e-01,1.000000000000000000e+00
8.384599143382740483e-01,-3.800568525850464008e-01,1.000000000000000000e+00
1.114313773084192105e+00,-1.685773054277223959e-01,0.000000000000000000e+00
1.390263020070600986e+00,-8.974365236185021244e-01,1.000000000000000000e+00
-3.208149901303380958e-02,-1.987144518855309128e-03,1.000000000000000000e+00
-8.648647851693661015e-02,9.894489695270807239e-01,0.000000000000000000e+00
1.233935808276205970e+00,-2.430486866499585175e-01,1.000000000000000000e+00
3.726540042901725358e-01,6.169441528005703557e-01,0.000000000000000000e+00
1.646266950745721491e+00,-3.387883283868464712e-01,1.000000000000000000e+00
-7.147036321793071023e-01,2.823144049904416364e-01,0.000000000000000000e+00
-2.140856016404352469e-01,1.481707826376975845e+00,0.000000000000000000e+00
1.002044359597985990e+00,5.657350386030549627e-01,0.000000000000000000e+00
1.088420389984204428e+00,-5.215339924950400663e-01,1.000000000000000000e+00
-2.864611152344803124e-01,1.188868273824997601e+00,0.000000000000000000e+00
3.637299611940675859e-01,-4.092927220681527589e-01,1.000000000000000000e+00
-1.135073149025730643e+00,-2.488421358442016729e-01,0.000000000000000000e+00
1.577404215095682405e+00,-1.843199639223928044e-01,1.000000000000000000e+00
-7.498879053077106560e-01,3.323687222098082872e-01,0.000000000000000000e+00
8.183349066353016177e-01,8.389478132393481946e-01,0.000000000000000000e+00
8.666395782336835385e-01,-7.410427453731786018e-01,1.000000000000000000e+00
-6.663903370004926885e-02,6.770190651302538942e-01,0.000000000000000000e+00
-6.559361613888865516e-01,9.258043333230344674e-01,0.000000000000000000e+00
1.748121153446702269e-02,-2.101678767383910740e-01,1.000000000000000000e+00
-5.980562786378297302e-01,4.188605819153032872e-01,0.000000000000000000e+00
-6.471252977054038347e-01,8.180071611747663507e-01,0.000000000000000000e+00
2.287202420220012744e+00,-1.187286238967789898e-01,1.000000000000000000e+00
1.187093489581590333e+00,2.469360588734474948e-01,0.000000000000000000e+00
1.827285133055493116e+00,1.608265293278115515e-01,1.000000000000000000e+00
2.210909284062985591e+00,1.177430986968855398e-02,1.000000000000000000e+00
-5.822318079010611047e-01,1.486445682492271159e-01,0.000000000000000000e+00
2.081328185706276201e+00,5.820797426478729886e-01,1.000000000000000000e+00
-3.893895258813634408e-01,8.897316020877730214e-01,0.000000000000000000e+00
7.983171898787007059e-01,7.469947452512598618e-01,0.000000000000000000e+00
6.582471770450664117e-01,9.346325158282419165e-01,0.000000000000000000e+00
1.912804859944928992e+00,-4.823669140078982176e-01,1.000000000000000000e+00
2.051945270850721315e+00,-5.309686549973477443e-02,1.000000000000000000e+00
8.178223965989870337e-01,5.469603889370528993e-01,0.000000000000000000e+00
2.423277044335458430e-01,-6.529670448954980611e-01,1.000000000000000000e+00
7.721625383478621929e-01,-2.869738869611677679e-01,1.000000000000000000e+00
1.002901405224320364e+00,-4.151570961174985142e-01,1.000000000000000000e+00
1.907971401028123737e-01,8.727030568733609162e-01,0.000000000000000000e+00
5.678021482032375999e-01,1.610893618407415739e-01,0.000000000000000000e+00
2.099759439740749301e+00,-2.631976536996669808e-02,1.000000000000000000e+00
9.370848124836432813e-01,4.745091791428549532e-01,0.000000000000000000e+00
1.451827460043373819e+00,-3.864230083785572534e-01,1.000000000000000000e+00
-5.658758141830286803e-01,7.946230803706189061e-01,0.000000000000000000e+00
5.466625336656849576e-01,4.470940908276062609e-01,0.000000000000000000e+00
2.139059959754869400e+00,1.169960674015010360e-01,1.000000000000000000e+00
1.905594933124830304e+00,-5.572546634572331792e-01,1.000000000000000000e+00
-2.827871885075911029e-02,1.037095820889664122e+00,0.000000000000000000e+00
2.144284455284289237e+00,2.110213328858135395e-01,1.000000000000000000e+00
3.069479858262662564e-01,4.393914362852597844e-01,1.000000000000000000e+00
2.558849672289593702e-01,1.059086980409940759e+00,0.000000000000000000e+00
8.027510841402074604e-02,-9.537651922137929672e-03,1.000000000000000000e+00
-5.459102221439131597e-01,7.119032202785690044e-01,0.000000000000000000e+00
1.456698601220020040e+00,-4.841690650463211232e-01,1.000000000000000000e+00
1.124329864434644222e+00,-3.854363203840343033e-01,1.000000000000000000e+00
1.554065439349024302e+00,-1.741997886680726193e-01,1.000000000000000000e+00
-9.541979468900539940e-01,1.379852499591610049e-01,0.000000000000000000e+00
-1.054390176462907558e+00,2.737186681703456803e-01,0.000000000000000000e+00
-5.590373765584966126e-02,4.252412824642487488e-01,0.000000000000000000e+00
2.032317593665682320e+00,1.015653988542933039e-01,1.000000000000000000e+00
6.914923434958055726e-01,5.276997375772574106e-01,0.000000000000000000e+00
-1.263431203405566139e-01,-1.834053895796933509e-01,1.000000000000000000e+00
2.015932877367950127e+00,1.265915645519917476e-01,1.000000000000000000e+00
5.395484916938158015e-01,-5.052619053853799613e-01,1.000000000000000000e+00
5.900915591110065250e-01,1.113954741798496961e+00,0.000000000000000000e+00
1.644209735396490180e-02,1.215785059229927745e+00,0.000000000000000000e+00
2.890531519680190065e-01,-6.757570525792915284e-01,1.000000000000000000e+00
5.424020796298790748e-01,-1.836934814022944118e-01,1.000000000000000000e+00
7.643915809006720519e-01,1.937234140261842597e-02,0.000000000000000000e+00
1.729281409601503450e+00,-4.453347849273237014e-01,1.000000000000000000e+00
-2.521644170884797531e-01,4.750633909160005830e-01,1.000000000000000000e+00
-2.647173941845102352e-01,8.574802013479150276e-01,0.000000000000000000e+00
-8.953312400307775754e-01,3.551462525880381693e-01,0.000000000000000000e+00
1.844087284090099477e+00,1.564659680108160256e-03,1.000000000000000000e+00
2.793074906592295514e-01,6.667941851906833417e-01,0.000000000000000000e+00
-1.869683084366095538e-01,5.477844417567485635e-01,1.000000000000000000e+00
-3.427038474919062438e-01,7.508269284746611483e-01,0.000000000000000000e+00
6.569571715420293723e-01,-6.109868839841907651e-01,1.000000000000000000e+00
2.804735071308932515e-01,9.359139680222633428e-01,0.000000000000000000e+00
-3.501007237302597996e-01,6.891835508619930106e-01,0.000000000000000000e+00
-8.566631359695909831e-01,8.270101198345615190e-01,0.000000000000000000e+00
4.392548002849881450e-01,-3.690385736524844362e-01,1.000000000000000000e+00
9.121597260431394405e-01,2.262040641115460327e-01,0.000000000000000000e+00
-5.218732287763230837e-02,1.014821785692936018e+00,0.000000000000000000e+00
1.068082823289052019e+00,9.044408102640019154e-01,0.000000000000000000e+00
8.942396398369111266e-01,-7.663149920332967824e-01,1.000000000000000000e+00
8.993370548508616835e-01,1.490075295346777740e-01,0.000000000000000000e+00
-8.280490039055418139e-01,1.290821352772795194e+00,0.000000000000000000e+00
9.141227129001211482e-01,5.992521708764814159e-01,0.000000000000000000e+00
7.242127745888478074e-01,-1.083234991226714322e-01,0.000000000000000000e+00
2.409448789157939835e-02,4.080658017274807481e-01,1.000000000000000000e+00
-1.934607975559998472e-01,1.056069391483701603e+00,0.000000000000000000e+00
7.046360260062438652e-01,-5.166739846587212748e-01,1.000000000000000000e+00
1.666492432017410708e-01,8.027373758062478215e-01,0.000000000000000000e+00
1.865757279763829324e+00,4.261443244607455716e-01,1.000000000000000000e+00
-1.185963974646000452e-01,1.427886857168890189e-01,1.000000000000000000e+00
-7.610542011364551662e-01,8.009276139925631810e-01,0.000000000000000000e+00
8.532500316002644691e-01,-2.447977796521609850e-01,1.000000000000000000e+00
-6.203491964115215307e-01,1.150682174024277415e+00,0.000000000000000000e+00
-7.973347876990998229e-01,1.503628694351584749e-01,0.000000000000000000e+00
-2.969330436374437165e-01,1.425163009656659652e+00,0.000000000000000000e+00
1.778330755888886117e+00,1.127957626513635958e-01,1.000000000000000000e+00
7.011278591815308658e-01,-3.478613900974627526e-01,1.000000000000000000e+00
9.462864302567686181e-01,2.112274990341052039e-01,0.000000000000000000e+00
5.687870623001605175e-01,2.524864265082694681e-01,1.000000000000000000e+00
9.746182231650897532e-02,2.978389092234839386e-01,1.000000000000000000e+00
1.030896960573291166e+00,3.148964470572701013e-01,0.000000000000000000e+00
2.551374843834831041e-01,8.232304856332007814e-01,0.000000000000000000e+00
7.405134304312720461e-01,-5.604172421263572401e-01,1.000000000000000000e+00
1.916291244935575344e+00,2.375272422149704576e-01,1.000000000000000000e+00
2.960528565833391301e-01,1.065195236369037568e+00,0.000000000000000000e+00
-5.397687897316497674e-01,8.971026167089981573e-01,0.000000000000000000e+00
1.638355567323318773e+00,-4.788687704228191677e-01,1.000000000000000000e+00
5.122696959611696688e-01,-1.098811294206526179e-01,1.000000000000000000e+00
4.737210604891170518e-01,7.749819994765505538e-01,0.000000000000000000e+00
1.142279018979190375e-01,8.601225478877085884e-01,0.000000000000000000e+00
5.543130424614391982e-01,-1.621046180244461732e-01,1.000000000000000000e+00
4.245718126398491665e-01,-3.183618831003378613e-01,1.000000000000000000e+00
1.802897440054331557e-01,-5.251637452088815383e-01,1.000000000000000000e+00
8.565910774222360025e-02,1.052968102528171884e-01,1.000000000000000000e+00
2.225410674525230004e-01,3.629325963236783303e-02,1.000000000000000000e+00
2.210864427404517940e+00,5.359222754060714022e-01,1.000000000000000000e+00
2.509424670885460618e-01,4.337277402254916536e-01,1.000000000000000000e+00
-8.936103928165126664e-01,3.416205556846472757e-01,0.000000000000000000e+00
8.803465239225173322e-01,-2.933340915109577396e-01,1.000000000000000000e+00
-1.076633140364870345e+00,7.589483998072230619e-01,0.000000000000000000e+00
-1.011887665270394976e+00,8.871271846606348932e-02,0.000000000000000000e+00
4.686466199878023264e-01,-3.516156714995185562e-01,1.000000000000000000e+00
6.978575468824913530e-01,6.553051026613482266e-01,0.000000000000000000e+00
-2.584805246935419909e-01,8.346536105866517730e-01,0.000000000000000000e+00
6.608832762105543157e-02,4.477707950343681742e-01,1.000000000000000000e+00
1.566140357251958992e+00,-4.602718777271649908e-02,1.000000000000000000e+00
-9.547120227268222903e-02,4.470114976299454645e-01,1.000000000000000000e+00
-1.080598771139036574e+00,-1.827604894584426987e-01,0.000000000000000000e+00
8.186799939506852475e-01,7.251732708093555635e-01,0.000000000000000000e+00
-1.454140594528013364e-01,1.106607228964142875e+00,0.000000000000000000e+00
-1.897609701036953034e-01,5.717220369428183124e-01,0.000000000000000000e+00
-7.479285559633316316e-01,4.517939594033777428e-01,0.000000000000000000e+00
8.857380931296188198e-01,1.105653689902713177e+00,0.000000000000000000e+00
-5.043539714959545117e-01,1.246531227889682736e+00,0.000000000000000000e+00
-1.074014007461921716e-01,2.014117539085172603e-01,1.000000000000000000e+00
1.471740241932292248e-01,-3.939563130166159888e-01,1.000000000000000000e+00
-7.709321911858217913e-01,5.317123983396475628e-01,0.000000000000000000e+00
-1.029971530833536875e+00,-1.419011243504886277e-01,0.000000000000000000e+00
-2.933631569737823463e-01,8.290490099118100753e-01,0.000000000000000000e+00
1.098058823309240539e+00,-3.628267191894913313e-01,1.000000000000000000e+00
1.321462882741783806e+00,-5.918229954893752254e-01,1.000000000000000000e+00
3.087229966540823156e-01,-3.650284413969262509e-01,1.000000000000000000e+00
2.327255109025512247e+00,-1.240676532261966725e-01,1.000000000000000000e+00
1.618289599863091510e+00,-1.629197758589728817e-02,1.000000000000000000e+00
-2.967887936184053221e-01,1.250007432398908991e+00,0.000000000000000000e+00
1.983937933969033507e+00,5.272687577370577250e-01,1.000000000000000000e+00
4.423751874420520092e-01,-4.900287168770556812e-01,1.000000000000000000e+00
2.673940742737660470e-01,5.367093318589217787e-01,1.000000000000000000e+00
1.881853606697861392e-01,8.396488085016884373e-02,1.000000000000000000e+00
-6.626388888316431247e-01,9.362511877259473980e-01,0.000000000000000000e+00
-5.482503671501052223e-01,6.107417346007824877e-02,0.000000000000000000e+00
-6.014279188569102708e-01,3.495029990897822736e-01,0.000000000000000000e+00
1.155763640011046034e+00,9.755237372800122653e-02,0.000000000000000000e+00
2.038600868051533510e+00,5.147163901622411331e-01,1.000000000000000000e+00
1.426320915391968258e+00,-5.727781176599890944e-01,1.000000000000000000e+00
1.155224922193884618e+00,3.359629780603160532e-01,0.000000000000000000e+00
-1.028729650139494245e+00,1.627452046884486359e-01,0.000000000000000000e+00
8.669935970511964962e-01,-5.276955115353015868e-01,1.000000000000000000e+00
-1.141622973525876716e+00,4.096785457882816395e-02,0.000000000000000000e+00
6.236635886759661629e-01,-2.796167606596036137e-01,1.000000000000000000e+00
-1.250994090667974401e+00,1.110360942348190827e+00,0.000000000000000000e+00
1.995778667548281926e-01,9.206651673566881300e-01,0.000000000000000000e+00
7.623999727731241294e-02,3.810446987655013440e-01,1.000000000000000000e+00
-4.828199999983281976e-01,1.069360872049995637e+00,0.000000000000000000e+00
7.206922451018558107e-01,4.136357656339659794e-01,0.000000000000000000e+00
3.734190182795346091e-01,1.091204299597597016e+00,0.000000000000000000e+00
-6.728776229133192066e-01,5.854106171124104918e-01,0.000000000000000000e+00
1.220635403702418298e+00,-5.849259308801003643e-01,1.000000000000000000e+00
9.285099675376470296e-01,6.242923088828042921e-01,0.000000000000000000e+00
1.700390774223627277e+00,-1.207841776177702997e-01,1.000000000000000000e+00
6.812191460135392784e-01,-5.304274892359557292e-01,1.000000000000000000e+00
-6.354176591839394428e-01,-2.696481204910458063e-01,0.000000000000000000e+00
5.610258158233462078e-01,-1.972469423887313056e-02,1.000000000000000000e+00
-5.573360393726821405e-02,5.820169965717304494e-01,1.000000000000000000e+00
1.021554698369537134e-01,9.321456331528273909e-01,0.000000000000000000e+00
-1.173592467348118173e+00,1.028796188859434357e+00,0.000000000000000000e+00
5.420918129021641274e-01,3.795426403655940417e-01,0.000000000000000000e+00
5.845906408707982616e-01,5.494657340000155266e-01,0.000000000000000000e+00
-7.993380077415663809e-01,1.326014072362195595e+00,0.000000000000000000e+00
1.070625212604222609e+00,-1.214706785235503683e-01,1.000000000000000000e+00
1.218818431857764839e+00,-3.764868985193453033e-01,1.000000000000000000e+00
-1.098006919507910295e+00,1.185582102859271264e-01,0.000000000000000000e+00
1.210983505667414306e+00,-1.569571896397471966e-01,1.000000000000000000e+00
1.180097196057785375e-01,-1.125007901348266948e-02,1.000000000000000000e+00
4.483294963845012582e-01,6.025438577856047084e-01,0.000000000000000000e+00
6.403786933490005495e-01,6.539098786554160547e-01,0.000000000000000000e+00
2.137836979150932737e-01,1.923656716097613684e-01,1.000000000000000000e+00
-2.522991248415566989e-01,3.167941661420548005e-01,1.000000000000000000e+00
7.601047909006851677e-01,6.232614549951267513e-01,0.000000000000000000e+00
1.087783562805508364e+00,-4.662118766404531600e-01,1.000000000000000000e+00
1.003055260796300807e+00,-5.285300043875675868e-01,1.000000000000000000e+00
7.931955765589395746e-01,9.226314105489417106e-01,0.000000000000000000e+00
8.304414532125456438e-02,1.003282503109226953e+00,0.000000000000000000e+00
-5.475629775231529717e-01,6.611510367862868387e-01,0.000000000000000000e+00
1.347717536439152486e-02,1.169450165793019636e+00,0.000000000000000000e+00
1.652232558112675942e-01,8.823316354704695552e-01,0.000000000000000000e+00
7.307691961109311629e-01,-7.963588836154125161e-01,1.000000000000000000e+00
-2.565646009259057170e-01,1.109499671748461980e+00,0.000000000000000000e+00
1.468181427448179033e+00,-2.009954988349051952e-01,1.000000000000000000e+00
-8.998365214269752332e-01,3.494480898064599161e-01,0.000000000000000000e+00
8.833054394916814989e-01,6.682060924106354438e-01,0.000000000000000000e+00
6.854619098591351323e-01,-2.315970885425547299e-01,1.000000000000000000e+00
4.802083982454702360e-02,9.282005392317734804e-01,0.000000000000000000e+00
-5.611797478009439288e-01,1.300493690445710726e+00,0.000000000000000000e+00
3.313096174494186141e-01,-4.578177308218952524e-01,1.000000000000000000e+00
6.550513031183631263e-01,1.166924405699512945e+00,0.000000000000000000e+00
5.861282399238022522e-01,8.125609620543028377e-01,0.000000000000000000e+00
1.150095752704634267e+00,-3.964980715319759152e-01,1.000000000000000000e+00
1.229573188776382997e+00,1.866321427197613070e-01,0.000000000000000000e+00
1.702484946002156829e-01,1.021970593095070934e-01,1.000000000000000000e+00
-1.187822896774522130e+00,4.932432641190820366e-01,0.000000000000000000e+00
9.665168728679653931e-01,7.832408375664619005e-01,0.000000000000000000e+00
1.263846995620303781e+00,-4.899869405798552013e-01,1.000000000000000000e+00
5.793721135008982337e-01,-4.066647261083873310e-01,1.000000000000000000e+00
-1.759270715827358222e-01,5.835099357974524725e-01,1.000000000000000000e+00
-1.056828265168622050e+00,1.785013738562216679e-01,0.000000000000000000e+00
-9.181398773542334135e-01,1.044197366358360135e+00,0.000000000000000000e+00
4.576130337375926005e-01,-1.665602606611269465e-01,1.000000000000000000e+00
1.206883924642006223e+00,-3.713885040880965382e-02,1.000000000000000000e+00
1.214614912017270454e+00,-1.635857130244214863e-01,1.000000000000000000e+00
8.133108150948874515e-01,6.584378176502730939e-01,0.000000000000000000e+00
-2.197697538997123168e-01,1.992395505733434713e-01,1.000000000000000000e+00
1.286746713642876294e+00,-5.248866865224307565e-01,1.000000000000000000e+00
-8.937946309036838288e-01,7.336446380620784691e-01,0.000000000000000000e+00
-7.251069709026786159e-01,3.445521336236279653e-01,0.000000000000000000e+00
1.375329177921826629e+00,-2.215906070435988418e-01,1.000000000000000000e+00
-1.009708563774886159e+00,3.566042148870816053e-01,0.000000000000000000e+00
2.619633412964202934e-01,8.535919148001542833e-01,0.000000000000000000e+00
3.449726989006309252e-01,3.806329323334647907e-01,0.000000000000000000e+00
-1.459996131396837926e-01,9.617041990373885740e-01,0.000000000000000000e+00
1.070400565057321396e+00,-2.557219287234726024e-01,0.000000000000000000e+00
-4.084340441642924646e-01,9.503090594339717034e-01,0.000000000000000000e+00
1.659844391738854563e+00,-2.183242635557766098e-01,1.000000000000000000e+00
5.672338860728667331e-01,7.910264840628022931e-01,0.000000000000000000e+00
6.098407636872424931e-01,-6.163461262388302275e-01,1.000000000000000000e+00
-2.425200575014853366e-02,1.153513692991543049e+00,0.000000000000000000e+00
6.763871486548489464e-02,1.104686165548997900e+00,0.000000000000000000e+00
2.380514207148990424e-01,-1.354761274944673022e-01,1.000000000000000000e+00
-3.155189387123175093e-01,7.785087278208446815e-01,0.000000000000000000e+00
-5.474158622559788245e-03,1.175491260023636686e-01,1.000000000000000000e+00
-4.854946821104558219e-01,1.037442991502510292e+00,0.000000000000000000e+00
7.393541218381466384e-01,1.032241184162368652e+00,0.000000000000000000e+00
5.917751424572079699e-01,-6.607644353654626990e-01,1.000000000000000000e+00
5.145866712809308297e-01,-1.389583871870799792e-01,1.000000000000000000e+00
1.799855011667594873e-01,8.338340956257497272e-01,0.000000000000000000e+00
1.134905887642140732e+00,-3.142392518925588574e-01,1.000000000000000000e+00
-5.389304208694407627e-01,5.087722022029267377e-01,0.000000000000000000e+00
1.005580474784160350e+00,2.514899004250498726e-01,0.000000000000000000e+00
1.162216228951752583e+00,-3.281875536260783210e-01,1.000000000000000000e+00
2.372374363744401415e-01,9.440901956799658823e-01,0.000000000000000000e+00
1.211390876935734884e+00,3.343522954133665293e-02,0.000000000000000000e+00
1.597359117733287537e+00,1.481579007591726782e-01,1.000000000000000000e+00
1.000279988131669295e+00,-5.500200168088049679e-01,1.000000000000000000e+00
8.355334315732665385e-01,3.802979545387754068e-01,0.000000000000000000e+00
2.413588527603233447e-01,-1.887352029078970261e-01,1.000000000000000000e+00
-9.216668810532645251e-02,5.715188664443782152e-01,1.000000000000000000e+00
1.080706341911702228e+00,-5.178097747634942127e-01,1.000000000000000000e+00
1.324875128760261700e-01,1.054233307748179582e+00,0.000000000000000000e+00
9.398172538659708142e-01,2.453517156613983508e-01,0.000000000000000000e+00
-7.713933002064666811e-01,4.448534292389385025e-01,0.000000000000000000e+00
1.188421333308455008e+00,-3.234367749428618266e-01,1.000000000000000000e+00
1.141125871328059649e+00,6.498027495076797999e-01,0.000000000000000000e+00
7.405280314647384454e-01,9.285374615175717716e-01,0.000000000000000000e+00
1.922763834807969530e-02,1.134067794940685214e+00,0.000000000000000000e+00
1.094732507001220823e+00,-5.675886917187128455e-01,1.000000000000000000e+00
5.936939238966250088e-01,8.852732307019640645e-01,0.000000000000000000e+00
7.766172528083360449e-01,7.415666094084670812e-01,0.000000000000000000e+00
-6.797390164526562195e-02,-3.147518254456445064e-01,1.000000000000000000e+00
2.121459369444289589e-01,1.078532277683003748e+00,0.000000000000000000e+00
4.581372804773214402e-01,1.041636075588931121e+00,0.000000000000000000e+00
2.149817651953983555e-02,-1.360467092748843254e-01,1.000000000000000000e+00
-8.646807662075326473e-01,5.901253819153663427e-01,0.000000000000000000e+00
6.273235433099754177e-01,6.390994929602424879e-01,0.000000000000000000e+00
6.328802710795469189e-01,3.267554211252164387e-01,0.000000000000000000e+00
1.978296746628642966e+00,5.476434451327921726e-01,1.000000000000000000e+00
-7.359084853524620051e-01,1.009273070847668485e+00,0.000000000000000000e+00
2.048774126261872830e+00,2.509045996814924795e-01,1.000000000000000000e+00
5.520511585798424381e-01,-8.127809774320817748e-01,1.000000000000000000e+00
1.508266034987399307e+00,-5.012289931187560166e-01,1.000000000000000000e+00
-3.503798128064999351e-01,1.066982222721237772e+00,0.000000000000000000e+00
1.315982887971416826e+00,1.781420600010167332e-01,0.000000000000000000e+00
1.301323148165183685e+00,-6.507248234058775616e-01,1.000000000000000000e+00
-1.213903559488988648e+00,2.352194997584161618e-01,0.000000000000000000e+00
-2.384940383515719020e-01,8.003049979848924078e-01,0.000000000000000000e+00
-3.979819969116430434e-01,-3.391792323239939400e-02,1.000000000000000000e+00
2.308961520536569889e+00,3.130517068328009800e-01,1.000000000000000000e+00
2.016945699772561884e+00,2.781999031324542959e-01,1.000000000000000000e+00
1.129901890680321763e+00,-3.242640652445243354e-01,1.000000000000000000e+00
2.869670949144458305e-01,1.004677797067287326e+00,0.000000000000000000e+00
1.620284040315425056e+00,-2.949699400346434963e-01,1.000000000000000000e+00
1.724442301737285854e+00,2.018832563146221726e-01,1.000000000000000000e+00
1.785979453092484848e+00,-1.654768828176357287e-01,1.000000000000000000e+00
-1.588583411471697904e-01,-2.582381061555313884e-01,1.000000000000000000e+00
1.266871973198156198e-01,9.324031910487733388e-01,0.000000000000000000e+00
1.858562068072170392e+00,3.923708304376234968e-01,1.000000000000000000e+00
2.018149767193854860e+00,5.440896150469468617e-01,1.000000000000000000e+00
6.419009722020669884e-01,8.209259571946516676e-01,0.000000000000000000e+00
3.859959510714928710e-01,8.917412424907084079e-01,0.000000000000000000e+00
1.859897943623025629e+00,-6.869944976637731848e-02,1.000000000000000000e+00
1.621504871925875668e-01,1.274480663991811813e+00,0.000000000000000000e+00
1.340980867602473481e+00,-1.144225491533393257e-01,1.000000000000000000e+00
6.711016361729109370e-02,1.184720203860466947e+00,0.000000000000000000e+00
-1.043368308718197301e+00,2.804939838008851383e-01,0.000000000000000000e+00
2.223783370012685778e-01,4.013182594856508079e-01,1.000000000000000000e+00
-1.362918187142958093e+00,3.222496551452500024e-01,0.000000000000000000e+00
1.026987582158304990e+00,6.218850167739824464e-01,0.000000000000000000e+00
9.167768361403898503e-01,-5.539018033006773978e-01,1.000000000000000000e+00
4.066468411167367680e-01,-2.187316740838321505e-01,1.000000000000000000e+00
1.778080480126977170e+00,-5.214270954049837759e-01,1.000000000000000000e+00
2.063797063848517244e+00,3.008448143760045213e-02,1.000000000000000000e+00
1.185158822946413837e+00,-5.613277859286864846e-01,1.000000000000000000e+00
-8.829067768148460837e-01,7.576468563359683994e-01,0.000000000000000000e+00
-5.640548791662409744e-01,8.598647214196502020e-01,0.000000000000000000e+00
1.233633790929411944e+00,-4.128619811264085393e-01,1.000000000000000000e+00
1.303100848413360491e-01,-1.709403366292154280e-01,1.000000000000000000e+00
1.529718409450296024e+00,-2.202976619661479174e-01,1.000000000000000000e+00
8.440577461860016006e-01,2.056207700623774171e-01,0.000000000000000000e+00
6.227013918258438308e-01,8.202915201353222496e-01,0.000000000000000000e+00
1.697764203990439258e+00,-2.478651214274546766e-01,1.000000000000000000e+00
3.914813983550509136e-01,-5.779056878949794251e-01,1.000000000000000000e+00
7.372523077269925729e-01,2.601062127466631790e-01,0.000000000000000000e+00
3.382146277283906155e-01,-7.554892976907012780e-02,1.000000000000000000e+00
5.262015095333917314e-01,-4.809563832890948465e-01,1.000000000000000000e+00
-4.264593689200367743e-01,1.829282844272182018e-01,1.000000000000000000e+00
1.619795572336155814e-02,3.809530853360035829e-01,1.000000000000000000e+00
8.486124955482587939e-02,7.196468172339523517e-02,1.000000000000000000e+00
2.204718630422564996e+00,8.378169822194372895e-02,1.000000000000000000e+00
4.010840149096652762e-01,-5.284712256707355671e-01,1.000000000000000000e+00
3.427563446557668758e-01,8.923393324512862712e-01,0.000000000000000000e+00
8.746527476643438659e-01,-7.673964124270704623e-01,1.000000000000000000e+00
-1.647341101010598996e-01,1.916524621505583670e-01,1.000000000000000000e+00
9.321614746961499609e-01,1.839571928751121133e-01,0.000000000000000000e+00
-1.120827483520090206e+00,7.911455425825736354e-02,0.000000000000000000e+00
-9.429439725224983970e-01,6.525681567393311067e-01,0.000000000000000000e+00
-8.189303826485355708e-01,9.583052201598305508e-01,0.000000000000000000e+00
8.376757366118835479e-01,9.316044587828664625e-01,0.000000000000000000e+00
1.699517942748647759e+00,-2.517027028099003139e-01,1.000000000000000000e+00
6.480050233662836279e-01,-7.652949729942104540e-01,1.000000000000000000e+00
1.031366124626371450e+00,-2.594250019796175977e-01,1.000000000000000000e+00
1.208776593462949744e+00,-6.705348073136891962e-01,1.000000000000000000e+00
-7.538117505845426392e-02,-4.681375202723489504e-02,1.000000000000000000e+00
2.051180831252306935e-01,7.339400916551980236e-02,1.000000000000000000e+00
1.684636052669995721e+00,-6.304317798508161097e-01,1.000000000000000000e+00
-9.924669981446672118e-01,3.835949310676692869e-01,0.000000000000000000e+00
-1.118007591813196255e-01,6.156331243019119021e-02,1.000000000000000000e+00
1.305494649188913003e-01,9.036589295895527396e-01,0.000000000000000000e+00
-1.241175073077843249e+00,1.286588558655532011e-01,0.000000000000000000e+00
6.564786834622987621e-01,4.833387608300255267e-01,0.000000000000000000e+00
1.205559456125712803e+00,-5.772055557676070148e-01,1.000000000000000000e+00
2.085083201611002135e+00,-3.569034643201648982e-02,1.000000000000000000e+00
1.457597660489458269e+00,-3.912090045906793101e-01,1.000000000000000000e+00
1.812752538097853305e+00,2.469719609929506010e-01,1.000000000000000000e+00
-2.149529072020953113e-01,6.555273732630619854e-01,0.000000000000000000e+00
2.086871997285051350e+00,3.420665956568202382e-01,1.000000000000000000e+00
-2.654616250252154197e-01,4.387767441191860462e-01,1.000000000000000000e+00
1.225882484470396827e+00,-2.889776861114449202e-01,1.000000000000000000e+00
2.919109506438041235e-01,6.465830107261414383e-01,0.000000000000000000e+00
-8.833468415077426750e-01,1.656229556689110261e-01,0.000000000000000000e+00
2.306360266991064334e-01,-7.818044522423969744e-02,1.000000000000000000e+00
1.655436226404092048e+00,-3.571156939453289381e-01,1.000000000000000000e+00
4.226598283779350318e-01,2.284809070080280891e-01,0.000000000000000000e+00
-7.632293591522837373e-02,1.032971126743801760e+00,0.000000000000000000e+00
7.741271188799194736e-01,2.685014408632092620e-01,0.000000000000000000e+00
1.590532180772746829e-01,6.751060879533080095e-02,1.000000000000000000e+00
1.498918681509042283e+00,-5.329106101622348435e-01,1.000000000000000000e+00
2.404491678328048998e+00,9.473660651264775856e-02,1.000000000000000000e+00
1.513653690961737741e+00,-8.528300532838006820e-02,1.000000000000000000e+00
-6.291586607144744603e-01,5.987451761668176331e-02,0.000000000000000000e+00
-1.485314912433060852e-01,1.336911304124219546e+00,0.000000000000000000e+00
-1.199644506376340125e+00,5.019604906202612682e-02,0.000000000000000000e+00
1.023674797041538076e+00,-3.852952612569988111e-01,1.000000000000000000e+00
-1.714902627096248633e-01,2.592296349134426414e-01,1.000000000000000000e+00
2.048871408505116509e+00,-3.601519993487978244e-02,1.000000000000000000e+00
-4.291334796491519388e-03,1.282086221822986483e+00,0.000000000000000000e+00
-1.148126839060522597e-01,-3.073930824725701338e-01,1.000000000000000000e+00
4.715810161022998548e-01,2.581382722150694087e-01,0.000000000000000000e+00
3.060941710357747980e-01,9.643729108630919589e-01,0.000000000000000000e+00
2.084817605272915486e+00,2.100377898758603035e-01,1.000000000000000000e+00
1.024845246559398237e+00,3.468532045771182126e-01,0.000000000000000000e+00
9.511437777638372948e-01,-4.530465167949070393e-01,1.000000000000000000e+00
2.276281547297649421e+00,-8.606773713736526332e-03,1.000000000000000000e+00
1.925845312539728349e+00,-4.137524478708108910e-01,1.000000000000000000e+00
8.730010255780598083e-01,2.184449107951900726e-01,0.000000000000000000e+00
-5.607735749223463628e-01,1.078152150972947476e+00,0.000000000000000000e+00
1.334566503525339787e+00,-4.386628214682982141e-01,1.000000000000000000e+00
6.297589218396818511e-01,-4.141057355939894991e-01,1.000000000000000000e+00
-6.329287281656693631e-01,5.382606169238608462e-01,0.000000000000000000e+00
1.014291638559051689e+00,-4.525682432964672763e-02,0.000000000000000000e+00
2.112643461212913465e+00,-1.167024837214641897e-02,1.000000000000000000e+00
9.737858901782072696e-01,2.167290066762984635e-01,0.000000000000000000e+00
7.530041421297201110e-01,4.273851738635796038e-01,0.000000000000000000e+00
1.480425278157447011e-01,-2.335058078107745960e-01,1.000000000000000000e+00
7.262708305210457960e-01,-4.161873858908182733e-01,1.000000000000000000e+00
-5.368779221897227449e-01,4.877457162087036058e-01,0.000000000000000000e+00
5.767868324446888684e-01,8.185324356510910171e-01,0.000000000000000000e+00
1.128348237300104806e+00,-1.681590003690144886e-02,0.000000000000000000e+00
8.228895323018633468e-01,5.843650883485380643e-01,0.000000000000000000e+00
1.444258543345019241e+00,-3.795017695832200721e-01,1.000000000000000000e+00
1.083540004136450241e+00,-5.386733881360774578e-01,1.000000000000000000e+00
5.453334048516627064e-01,-4.213144260820445575e-01,1.000000000000000000e+00
1.758415935223241133e+00,-5.774042619399432086e-01,1.000000000000000000e+00
-2.297289846384049650e-01,1.301788982870662803e+00,0.000000000000000000e+00
